REQUEST_ID	USER_FLOW	CURRENT_GAP	DESIRED_CAPABILITY	DESIRED_APPLICATION_CONTRACT	BLOCKING_LEVEL	WAVE1_FRONTEND_FREEZE_BLOCKING	FUTURE_PRODUCT_CAPABILITY_BLOCKING	MOCK_BEHAVIOR	UX_REASON	ACCEPTANCE_CRITERIA	STATUS
UXW1-001	Open a project from a workspace; find and inspect a bounded recent-project snapshot	Workspace-to-project relationship cannot be verified by the current context projection (FB-GAP-001); Projects discovery requires an explicitly authenticated principal/tenant/session/Workspace-bound source; existing dashboard wrapper is not proof of that complete lifecycle boundary	Authenticated workspace project membership projection	Typed application projection of scoped project identity and display name with non-disclosing denied/not-found responses; no client tenant override; clarified UNAGREED recent-query consumption proposal and selective-integration criteria in FB-GAP-001 recent-project clarification, linked FB-GAP-009; echoed request/scope and complete/limited snapshot; no invented endpoint or DTO	BLOCKS_VERIFIED_PROJECT_CONTEXT	NO	YES	Existing workspace getHome fake is used only in tests; production retains blocked context notice; new Projects consumer uses a separate explicitly injected read-only application source and localhost-only simulated fixture; ordinary unconfigured Projects path unavailable, no HTTP or mock fallback. Existing WorkspaceHome query unchanged; no Project opening/creation/persistence	Users need trustworthy scope and understandable access boundaries	Server validates authenticated membership; invalid scope fails closed without resource disclosure; route metadata alone never grants command access; additionally reject stale/malformed/duplicate or mismatched recent snapshots, preserve unknown/denied/unsupported/unavailable/failure distinctions, cancel across source/principal/tenant/session/Workspace changes; local search/sort/detail is not server search, canonical detail or authorization	PROPOSED_CLARIFIED_FRONTEND_RECENT_PROJECT_DISCOVERY_REAL_INTEGRATION_NOT_ESTABLISHED
UXW1-002	Return to a canvas arrangement; optionally revisit a local Workflow planning sketch	Local titles, selection and placement are discarded on navigation, including intentionally local creator presentation preferences; V3 Workflow sketch is also intentionally disposable, not a canonical definition	Optional scoped presentation layout persistence	Versioned workspace/project presentation document containing local node placement, labels and approved non-semantic UI preferences separately from semantic references; authorization and concurrency checks; no canonical edges or identity writes; any future Workflow local layout persistence needs separately agreed reference/version binding and cannot write process definitions	BLOCKS_PRESENTATION_PERSISTENCE	NO	YES	No persistence fake or endpoint; local in-memory state is visibly marked not saved; V3 adds only local authored category cards with no fixtures, API, storage or save	V5 Canvas undo/redo recovers only current-session titles and positions (bounded 50 edits); no persisted history, save or canonical revision undo. Users may expect arrangements and local presentation preferences to survive navigation; V4 Commands shortcut remapping is session-local shell presentation only and does not consume this persistence proposal; account/global shortcut preference storage is out of scope, not an agreed extension of this project-layout contract	Reload restores only authorized project layout and approved presentation preferences; concurrent save conflicts are explicit; semantic identity and relationships remain unchanged; preserve nonexecuting local sketch distinction and clear stale layout on relevant owner/context retirement	PROPOSED
UXW1-003	Browse media before previewing Add Media Clip	Existing asset gateway cannot project complete canonical logical source pins	Safe source-pin browser projection	Application projection of logical media asset, stream and artifact IDs, content digest and exact media bounds required by the existing command; no physical locations	BLOCKS_GUIDED_MEDIA_SELECTION	NO	YES	Existing unavailable asset gateway reused; scripted operation gateways stay in tests; advanced manual pin form retained	Manual opaque IDs are difficult to discover and validate	Selected media supplies a complete server-validated pin; stale or unauthorized pins fail closed; preview-before-apply remains required	PROPOSED
UXW1-004	Watch and scrub an actual timeline	No decoded media access or authoritative track/clip geometry projection	Authorized timeline playback and geometry read model	Revision-scoped track/clip projection with exact time basis plus safe short-lived media access abstraction; timing and ownership supplied by server	BLOCKS_REAL_PLAYBACK_AND_CLIP_EDITING	NO	YES	Production explicitly offers only a bounded 0–20 local-step simulation with placeholder V1/A1 lanes and two explicitly synthetic clips (opening and closing); no mock media or invented clip edits	Users must distinguish layout exploration from a playable edit	Playback matches the selected projected revision and exact time basis; denied access is explicit; UI never derives canonical geometry from local simulation	PROPOSED
UXW1-005	Use overview, visual changes, conversation, checks or merge in Review	Only history and server semantic comparison are integrated	Scoped review projections and separately authorized merge command	Typed revision-pair review projections and capability/access reasons; any future merge follows a canonical server-owned preview/confirm contract	BLOCKS_EXTENDED_REVIEW	NO	YES	Unavailable section states and disabled merge action in production; existing scripted history/compare gateways in tests only	Unavailable review tabs should not imply fabricated discussion, checks or merge authority	Empty/loading/error states are defined per projection; revision-pair scope is validated; no client merge or inferred HEAD; authorization is enforced by server	PROPOSED
UXW1-006	Discover and prepare a multi-clip adjustment	The Wave 1 two-clip selection is synthetic and has no operation discovery or preparation contract	Authorized action discovery plus operation prepare and preview	Revision-scoped selected-object references, available actions, validation warnings and a server-owned preview result; no client audio-gain authority	BLOCKS_FUTURE_MULTI_CLIP_PREPARE	NO	YES	The UI names Adjust audio as unavailable and the Chinese two-clip request produces a synthetic proposal only	Creators need an honest route from selection to a reviewable change	Discovery rejects stale, unauthorized or incompatible selected objects; preview identifies exact targets and warnings before any execute request	PROPOSED
UXW1-007	Execute a prepared creator change	No real authorization or canonical execution evidence is connected to Agent or the synthetic fixtures	Authorized operation execute with authoritative readback	Prepared-operation token or equivalent server-owned reference, explicit confirmation, authorization outcome and revision readback; client does not infer permissions	BLOCKS_FUTURE_CREATOR_EXECUTION	NO	YES	Canonical Apply is disabled with a creator-first explanation; existing Add Media Clip gateway remains its own established path	A proposal must not look executable without a server decision	Execute is accepted only after server preview and confirmation; stale context is rejected; final revision is read back authoritatively	PROPOSED
UXW2-NTF-001	Read a durable user inbox, unread count, and mark one/all notifications read	FB-GAP-010; reference 86d6aef94fd5e58da552e97c11473cff6eca734e; Axios /api/v1 wrappers expect paginated items,total,page,size,unreadCount; reference /api/me/notifications/inbox accepts limit and returns List; read-all service has no inspected Controller mapping; single-read returns ordinary error map on missing ID; legacy /me/notifications is a stub	NotificationInbox shared Shell consumer and product/notifications/types.ts frontend-only InboxSource boundary; establish separately accepted real adapter before integration	PrincipalId/tenantId/sessionId/access and explicit optional workspace scope; exact requestId/context/filter and item-ID read receipt; known inbox-wide unread vs unknown; complete vs limited snapshot; explicit single-read and inbox-wide read-all capabilities; strict errors including successful-HTTP error maps; authorized typed related targets	BLOCKS_REAL_NOTIFICATION_INBOX_INTEGRATION	NO	YES	Explicit in-memory fixture only: All/Unread/detail, known count, complete/limited snapshots, confirmed single/inbox-wide read-all and failure/partial/denied/unknown/context races; no persistence, no auth grant, no notification HTTP. Ordinary unconfigured path unavailable/unknown. Acceptance recorded in task evidence, not server acceptance.	Read and unread state must describe actual persisted notifications	Real contract/TCP acceptance must align full prefix/envelope/traversal/count, establish actual single/read-all endpoints and persistence, reject invalid/missing/denied/error-map receipts, verify logout/session and cross-principal/tenant isolation, FB-GAP-002 and target permission checks; no local mock result satisfies real integration.	OPEN_REAL_INTEGRATION_NOT_ESTABLISHED_FRONTEND_SIMULATED_CONSUMER
UXW2-NTF-002	Configure notification subscriptions, preferences, and channel bindings	FB-GAP-011; reference 86d6aef94fd5e58da552e97c11473cff6eca734e; Binding create returns three fields not full binding; subscription update returns three fields and defaults can contain null; batch returns List not results/errors; preference GET/PUT omit declared identities/full fields and Partial updates can default flags to true	Align existing preference/subscription/binding DTOs and update/partial-failure semantics before any UI integration	Principal-scoped current-user settings; backend controls critical-event rules and channel validation; defined non-disclosing denied/validation/missing outcomes; public DTO must not leak destination secrets	BLOCKS_NOTIFICATION_SETTINGS	NO	YES	No settings UI or transport calls; design/contract candidate remains candidate	Settings must not silently reset flags or report nonexistent verification	Future contract tests verify every request/response/nullability/update-preservation rule, batch failure semantics, critical restrictions, destination redaction and ownership; no live delivery in frontend mocks	PROPOSED_SOURCE_CONFIRMED_NONBLOCKING_FOR_REVIEW
UXW2-NTF-003	Inspect/configure notification event definitions and delivery records; prepare explicit administrative notification input	FB-GAP-012; reference 86d6aef94fd5e58da552e97c11473cff6eca734e; Frontend event-definitions/delivery-logs/providers differ from backend events/deliveries/provider-status; list/object/metrics envelopes differ; detail ignores notificationId; publishEvent sends type/tenantId but backend requires eventType/subjectId	Accepted admin event/delivery queries and exact target/publish input contract; no speculative announcement workflow	Server-enforced administrator and tenant/resource scope; explicit filtered IDs and pagination capabilities; preserve typed forbidden/not-found/unsupported failures; existing FB-GAP-002 applies	BLOCKS_NOTIFICATION_ADMIN_INTEGRATION	NO	YES	No admin notification UI or calls added; absent UI alone is not an endpoint gap	Admin labels and guessed target IDs cannot confer authority or prove a notification was sent	Future contract and authorization tests resolve route/payload/envelope differences, exact-ID detail filtering, non-disclosing cross-tenant denial and explicit target validation; separate authorization for announcements/targeting	PROPOSED_SOURCE_CONFIRMED_NONBLOCKING_FOR_REVIEW
UXW2-NTF-004	Receive a real email/SMS/webhook notification or verify/test/retry a bound channel	FB-GAP-013; reference 86d6aef94fd5e58da552e97c11473cff6eca734e; Email/SMS/Webhook providers return SENT without external transport; binding verify writes VERIFIED without challenge; test only checks/audits and Controller says TEST_SENT; retry only returns RETRY_QUEUED; Novu transport code exists but live integration unestablished	Truthful simulated/accepted/sent/delivered/failed boundaries and separately authorized real delivery/verification/retry integration	Authenticated scoped verified destination and explicit delivery/test authority; no browser/Agent escalation; real failures cannot become empty or success; no secret exposure	BLOCKS_REAL_NOTIFICATION_DELIVERY	NO	YES	Local provider SENT and persisted MOCK are simulation, not external delivery; this task sends nothing	Users must not mistake source stubs or admin receipts for delivery	Future backend-owned controlled integration validates actual transport/challenge/attempt and readback, authorization, failure/retry semantics, destination safety and simulated labeling; actual external tests require separate consent	PROPOSED_SOURCE_CONFIRMED_NONBLOCKING_FOR_REVIEW
FB-GAP-005	Discover/filter/sort/inspect Project-scoped Render observability, including explicit task/attempt/progress/failure/version/time/completeness relationships and separately governed Artifact metadata access	Existing RenderJobSummary/API supplies only a five-field summary; no accepted coherent frontend adapter/lifecycle envelope or task-attempt-artifact observability contract exists; Artifact visibility is not Artifact read permission; reuse FB-GAP-002/004/005/006	One separately agreed controlled Project read projection plus independent typed Artifact target access when an existing application route/type is actually supported; zero Render, task, Artifact, Timeline or canonical writes	FRONTEND UNAGREED only: echoed principal/tenant/session/Project/request; host binds its separately agreed read key to matching SERVER EffectiveAccess; bounded/complete projection version/freshness/status-filter support; stable Render/source/task/attempt/Artifact IDs, literal statuses, optional supplied times/progress/failures/versions, explicit parent/retry/task links and safe Artifact metadata states; no fixed endpoint, permission key, server DTO, URL or storage location invented; collection artifacts.state=available does not grant item metadata access: only explicit metadataAccess=inspectable allows supplied name/id/type/availability/version/taskId after outer access/identity/relationship checks; denied/unknown/unavailable/stale items are state-only; missing/invalid item access is rejected; restricted backends MUST trim protected response fields, DOM omission is NOT a confidentiality boundary; trimmed server response and adapter representation remain to be agreed	BLOCKS_REAL_OPERATIONS_RENDER_ADAPTER	NO	YES	Ordinary route is unavailable and sends no request. Tests/external fixture host explicitly inject a complete identity-scoped simulated read source; no URL switch, HTTP, polling, persistence, action, fallback or canonical write. Unknown source status remains literal; invalid progress is not clamped. Item permission transitions clear old metadata; refresh clears the old snapshot; unavailable/stale/error/cancelled or late old reads cannot restore it; only a new valid inspectable response restores metadata. Principal/account (principalId), tenant/session/Project, access/binding/adapter and Selection-owner changes clear details and abort reads; no separate accountId exists in this proposed scope	Complete the current Operations read workflow without global joins, fake totals/history/progress/ETA or task visibility being mistaken for Artifact access	Pin one frontend tree/build and one separately agreed backend Project-read adapter; controlled authorized/denied identities and current/bounded/stale/error data; validate exact access binding, receipt ownership, duplicate IDs, numeric/time/bounds, task-attempt-artifact relations, cancellation/Selection-owner retirement, unknown statuses and nondisclosure. Independently authorize any existing typed Artifact destination; read back zero writes. This bounded integration is not a full-platform prerequisite Include pinned mixed available collections with all five item access states, same-ID inspectable-to-restricted transitions, denied then late old success then new valid allow, refresh error/cancel/stale, scope/owner replacement, missing/invalid metadataAccess, invalid relationships, backend response trimming and full Artifact subtree nondisclosure while independently authorized task metadata remains visible.	FRONTEND_CONSUMER_IMPLEMENTED_REAL_INTEGRATION_NOT_ESTABLISHED
FB-GAP-007	Discover and inspect Project Scenes and explicitly related Shots	No accepted Production aggregate/query exists; reuse FB-GAP-001/002/004/008 for Project relationship, effective access, resource projections and safe references	One separately agreed controlled Project read projection; no Production writes	FRONTEND UNAGREED only: echoed principal/tenant/session/Workspace/Project/request; host explicitly binds its agreed read-projection key to the matching SERVER EffectiveAccess entry; stable Scene/Shot IDs, optional supplied name/description/status/version, explicit relations, scoped safe shared references, complete/bounded metadata and projection version; no fixed endpoint, permission key or server DTO invented	BLOCKS_REAL_PRODUCTION_SCENE_SHOT_INTEGRATION	NO	YES	Ordinary registered route is unavailable and sends no request. Tests/external host may explicitly inject an identity-supplied read-only fixture with a clearly test-only unagreed binding; no URL opt-in, HTTP, storage, persistence, fallback or canonical change	Creators can discover supplied production structure without client joins or fabricated production truth	Pin one frontend tree/build and separately agreed backend version/adapter; controlled authorized and denied identities; validate the exact host binding, all required identity fields before request, ownership/relations/bounds/version, nondisclosing denied/error/stale outcomes, InteractionStore/source cancellation/retirement and safe destination access; zero writes and read back no mutation	FRONTEND_CONSUMER_IMPLEMENTED_REAL_INTEGRATION_NOT_ESTABLISHED
