path	before_sha256	after_sha256	classification
adapter-v2/model.py	d10dbe9491c09f88a04b9cae10b2e9f6a54f2032124015f35724e29a233b36bc	d10dbe9491c09f88a04b9cae10b2e9f6a54f2032124015f35724e29a233b36bc	UNCHANGED
adapter-v2/transport.py	9d8b16b7374fe0706914ac69280efa901b02e96eaf2d05906b2890e8d30c4009	bbe59f769b766a9a5481e0b68a6cd8869b4278d124bbb58257b27b30c158ff04	AUTHORIZED_REVIEW_CORRECTION
adapter-v2/test_model.py	bf0df983604e56e080d74cd209dca02b8acac8067d8a8980ee111a149de44327	0fd486a8efb2885f7722d5dc57a7d18bc8ff65e76cb80554ef7264559ecb2ae8	AUTHORIZED_REVIEW_CORRECTION
adapter-v2/second_synthetic.py	2c86466d47eb6239ebecef59881ccd69b949d2b8406585db25c01c95daa49f42	2c86466d47eb6239ebecef59881ccd69b949d2b8406585db25c01c95daa49f42	UNCHANGED
adapter-v2/test_second_synthetic.py	0d0e45a401be2e7a2df96d622bf9b5cc169ef3e391469148c5d2ba824479f89c	0d0e45a401be2e7a2df96d622bf9b5cc169ef3e391469148c5d2ba824479f89c	UNCHANGED
/home/user/Documents/workspace/projects/.worktrees/frontend-wave2-product-ux-v1/frontend/src/product/publication/model.ts	0316cbdf414b385c8eb722aae1f7a8e23bfec3e9045f906e8a1cfe93312a2cfc	39369c83aabb0e5c196c51bd7ce685b35a5cc044d5811c74d020b25cf5b6871b	AUTHORIZED_REVIEW_CORRECTION
/home/user/Documents/workspace/projects/.worktrees/frontend-wave2-product-ux-v1/frontend/src/product/publication/types.ts	251237d65945cc9945aefd774ecd75b24be3d2019f0749da031aa251696be35d	251237d65945cc9945aefd774ecd75b24be3d2019f0749da031aa251696be35d	UNCHANGED
/home/user/Documents/workspace/projects/.worktrees/frontend-wave2-product-ux-v1/frontend/src/product/publication/testing.ts	402f70046477c17e2f8e9140e294c14636c11dd0bd8d83839b4abd5b2cbe9ee3	d3cb27c093a2af2424b5c18433a154c58a66112d70e701f0aa515155fd00d7ee	AUTHORIZED_REVIEW_CORRECTION
/home/user/Documents/workspace/projects/.worktrees/frontend-wave2-product-ux-v1/frontend/src/product/publication/model.test.ts	54094ea53afc8447836e61e4b28c54ec0732a09c7e98a25a9a6329828cff25e0	54094ea53afc8447836e61e4b28c54ec0732a09c7e98a25a9a6329828cff25e0	UNCHANGED
